Model,CV MAE Mean,CV MAE Std,CV R2 Mean,CV R2 Std
Linear Regression,39858.86881196484,368.1108298843917,0.5697129840940095,0.007566016338640759
Gradient Boosting,39893.09866540007,368.7267155228275,0.5689731930372871,0.0076541348507062935
Decision Tree,40068.10054795111,318.0983636073489,0.5648542392033689,0.006933311160854665
Random Forest,40095.08355286671,339.00032560692244,0.5642442913926013,0.007552123406922056
