Model,CV MAE Mean,CV MAE Std,CV R2 Mean,CV R2 Std
Linear Regression,39858.86881196484,368.1108298843917,0.5697129840940095,0.007566016338640759
Gradient Boosting,39893.17397323046,368.67662912793094,0.5689718389503527,0.007653589244009556
Decision Tree,40068.10054795111,318.09836360734863,0.5648542392033689,0.006933311160854653
Random Forest,40095.09974409703,339.0047401168906,0.5642435030943667,0.007552261292439648
